Crop,Month,Price
Wheat,1,2260
Wheat,2,2310
Wheat,3,2350
Wheat,4,2390
Wheat,5,2410
Wheat,6,2440
Wheat,7,2420
Wheat,8,2460
Wheat,9,2490
Wheat,10,2510
Wheat,11,2480
Wheat,12,2450
Rice,1,2180
Rice,2,2210
Rice,3,2260
Rice,4,2290
Rice,5,2320
Rice,6,2360
Rice,7,2400
Rice,8,2380
Rice,9,2350
Rice,10,2330
Rice,11,2310
Rice,12,2350
Maize,1,2050
Maize,2,2080
Maize,3,2110
Maize,4,2160
Maize,5,2190
Maize,6,2220
Maize,7,2250
Maize,8,2280
Maize,9,2240
Maize,10,2210
Maize,11,2180
Maize,12,2200
Cotton,1,6200
Cotton,2,6350
Cotton,3,6480
Cotton,4,6600
Cotton,5,6750
Cotton,6,6880
Cotton,7,7020
Cotton,8,7150
Cotton,9,7060
Cotton,10,6950
Cotton,11,6820
Cotton,12,6900
Soybean,1,4300
Soybean,2,4450
Soybean,3,4520
Soybean,4,4680
Soybean,5,4750
Soybean,6,4860
Soybean,7,5010
Soybean,8,5080
Soybean,9,4970
Soybean,10,4880
Soybean,11,4820
Soybean,12,4900
Onion,1,1700
Onion,2,1900
Onion,3,2150
Onion,4,2500
Onion,5,2900
Onion,6,2700
Onion,7,2350
Onion,8,2100
Onion,9,1850
Onion,10,2200
Onion,11,2600
Onion,12,2400
Chickpea,1,5100
Chickpea,2,5250
Chickpea,3,5380
Chickpea,4,5500
Chickpea,5,5600
Chickpea,6,5750
Chickpea,7,5900
Chickpea,8,6000
Chickpea,9,5850
Chickpea,10,5700
Chickpea,11,5600
Chickpea,12,5700
